{
  "providers": {
    "awscloudformation": {
      "AuthRoleName": "amplify-amplify12c485c018db4-staging-115056-authRole",
      "UnauthRoleArn": "arn:aws:iam::776676091796:role/amplify-amplify12c485c018db4-staging-115056-unauthRole",
      "AuthRoleArn": "arn:aws:iam::776676091796:role/amplify-amplify12c485c018db4-staging-115056-authRole",
      "Region": "us-east-1",
      "DeploymentBucketName": "amplify-amplify12c485c018db4-staging-115056-deployment",
      "UnauthRoleName": "amplify-amplify12c485c018db4-staging-115056-unauthRole",
      "StackName": "amplify-amplify12c485c018db4-staging-115056",
      "StackId": "arn:aws:cloudformation:us-east-1:776676091796:stack/amplify-amplify12c485c018db4-staging-115056/c6cca9e0-e03a-11ed-8c08-0a2d0364902b",
      "AmplifyAppId": "d18h9x1vemze8f"
    }
  },
  "api": {
    "register123": {
      "service": "AppSync",
      "providerPlugin": "awscloudformation",
      "dependsOn": [],
      "output": {
        "authConfig": {
          "defaultAuthentication": {
            "authenticationType": "API_KEY",
            "apiKeyConfig": {
              "apiKeyExpirationDays": 30,
              "description": "api key description"
            }
          },
          "additionalAuthenticationProviders": [
            {
              "authenticationType": "AWS_IAM"
            }
          ]
        },
        "GraphQLAPIIdOutput": "fbo3qgksxvg5rorx7fzonvb5ou",
        "GraphQLAPIEndpointOutput": "https://hqecgesilbfvfbajl2oy3havrm.appsync-api.us-east-1.amazonaws.com/graphql",
        "GraphQLAPIKeyOutput": "da2-mf6tr4eatfedzjw3lbwdjrfe6q"
      },
      "providerMetadata": {
        "s3TemplateURL": "https://s3.amazonaws.com/amplify-amplify12c485c018db4-staging-115056-deployment/amplify-cfn-templates/api/cloudformation-template.json",
        "logicalId": "apiregister123"
      },
      "lastPushTimeStamp": "2023-04-21T12:01:46.254Z",
      "lastPushDirHash": "ooqDAfO4dc21q0SCuXPjfB6laWM="
    }
  }
}