{
  "api": {
    "register123": {
      "dependsOn": [],
      "output": {
        "authConfig": {
          "additionalAuthenticationProviders": [
            {
              "authenticationType": "AWS_IAM"
            }
          ],
          "defaultAuthentication": {
            "apiKeyConfig": {
              "apiKeyExpirationDays": 30,
              "description": "api key description"
            },
            "authenticationType": "API_KEY"
          }
        }
      },
      "providerPlugin": "awscloudformation",
      "service": "AppSync"
    }
  }
}